brand,name,rating,reviews,_source,_data_coleta,old_price,new_price
UNDER ARMOUR,Under Armour Charged Wing SE Masculino Adultos,4.7,6,https://lista.mercadolivre.com.br/tenis-corrida-masculino,2024-08-24 17:26:52.174928,297.0,33.0
FILA,Tênis Fila Masculino Maxximus Corrida Treino Conforto,0.0,0,https://lista.mercadolivre.com.br/tenis-corrida-masculino,2024-08-24 17:26:52.174928,529.9,498.1
FILA,Tênis Fila Adr Masculino Preto E Cinza Original,0.0,0,https://lista.mercadolivre.com.br/tenis-corrida-masculino,2024-08-24 17:26:52.174928,362.99,325.99
FILA,Tênis Original Fila Casual Masculino Macio Progress Lite,0.0,0,https://lista.mercadolivre.com.br/tenis-corrida-masculino,2024-08-24 17:26:52.174928,299.99,284.99
FILA,Tênis Fila Masculino Improve Original,0.0,0,https://lista.mercadolivre.com.br/tenis-corrida-masculino,2024-08-24 17:26:52.174928,439.99,394.99
MIZUNO,Tênis Masculino Space 4 Mizuno,4.7,23,https://lista.mercadolivre.com.br/tenis-corrida-masculino,2024-08-24 17:26:52.174928,329.99,262.99
FILA,Tênis Original Fila Kr6 Preto Corrida Caminhada - Masculino,0.0,0,https://lista.mercadolivre.com.br/tenis-corrida-masculino,2024-08-24 17:26:52.174928,599.99,60.0
FILA,Tênis Fila Masculino Racer Carbon 2 Corrida Treino Conforto,0.0,0,https://lista.mercadolivre.com.br/tenis-corrida-masculino,2024-08-24 17:26:52.174928,1.369,124.0
NIKE,Tênis Nike Revolution 7 Masculino,4.7,1078,https://lista.mercadolivre.com.br/tenis-corrida-masculino,2024-08-24 17:26:52.174928,369.99,35.87
FILA,Tênis Fila Kr6 Preto E Branco - Masculino,0.0,0,https://lista.mercadolivre.com.br/tenis-corrida-masculino,2024-08-24 17:26:52.174928,599.99,60.0
FILA,Tênis Fila Float Maxxi 2 Pro Masculino,0.0,0,https://lista.mercadolivre.com.br/tenis-corrida-masculino,2024-08-24 17:26:52.174928,899.9,809.91
FILA,Tênis Fila Kr6 Preto E Branco Leve Caminhada - Masculino,0.0,0,https://lista.mercadolivre.com.br/tenis-corrida-masculino,2024-08-24 17:26:52.174928,599.99,60.0
PUMA,Tênis Puma Scend Pro Masculino Corrida,0.0,0,https://lista.mercadolivre.com.br/tenis-corrida-masculino,2024-08-24 17:26:52.174928,398.8,39.0
PUMA,Tênis De Corrida Puma Deviate Nitro 2 Masculino Original,0.0,0,https://lista.mercadolivre.com.br/tenis-corrida-masculino,2024-08-24 17:26:52.174928,2.088,119.0
MIZUNO,Tênis Mizuno Cool Ride 2 - Masculino Original Todas As Cores,0.0,0,https://lista.mercadolivre.com.br/tenis-corrida-masculino,2024-08-24 17:26:52.174928,397.21,369.92
FILA,Tênis Fila Float Maxxi 2 Pro Masculino Running Corrida,0.0,0,https://lista.mercadolivre.com.br/tenis-corrida-masculino,2024-08-24 17:26:52.174928,773.69,77.37
FILA,Tênis Fila Kr6 Preto E Branco Corrida Caminhada - Masculino,0.0,0,https://lista.mercadolivre.com.br/tenis-corrida-masculino,2024-08-24 17:26:52.174928,599.99,58.17
FILA,Tênis Fila Kr6 Preto E Branco Antiderrapante - Masculino,0.0,0,https://lista.mercadolivre.com.br/tenis-corrida-masculino,2024-08-24 17:26:52.174928,599.99,60.0
ASCENSION,Tênis Masculino E Feminino Corre Trilha Lege 21 *oferta*,0.0,0,https://lista.mercadolivre.com.br/tenis-corrida-masculino,2024-08-24 17:26:52.174928,123.99,31.0
MIZUNO,Mizuno Wave Vitality 4 Masculino Adultos,4.7,202,https://lista.mercadolivre.com.br/tenis-corrida-masculino,2024-08-24 17:26:52.174928,379.9,37.99
TRYD,Tênis Para Treino Academia Caminhada Corrida Tryd 5400 Leve,4.5,11040,https://lista.mercadolivre.com.br/tenis-corrida-masculino,2024-08-24 17:26:52.174928,99.99,70.99
FILA,Tênis Fila Float Maxxi 2 Pro Masculino Corrida Running,0.0,0,https://lista.mercadolivre.com.br/tenis-corrida-masculino,2024-08-24 17:26:52.174928,729.9,70.76
PUMA,Tênis Puma Skyrocket Lite Masculino Corrida - Caminhada,0.0,0,https://lista.mercadolivre.com.br/tenis-corrida-masculino,2024-08-24 17:26:52.174928,349.9,34.99
OLYMPIKUS,Tênis Olympikus Volcan 2 Masculino Bege E Preto Original,0.0,0,https://lista.mercadolivre.com.br/tenis-corrida-masculino,2024-08-24 17:26:52.174928,219.98,199.99
FILA,Tênis Fila Adr Masculino Branco E Marinho,0.0,0,https://lista.mercadolivre.com.br/tenis-corrida-masculino,2024-08-24 17:26:52.174928,362.99,325.99
FILA,Tênis Fila Corrida Caminhada Macio Leve Confortável Original,0.0,0,https://lista.mercadolivre.com.br/tenis-corrida-masculino,2024-08-24 17:26:52.174928,599.99,58.17
PUMA,Tênis De Corrida Puma Scend Pro Masculino Cinza,0.0,0,https://lista.mercadolivre.com.br/tenis-corrida-masculino,2024-08-24 17:26:52.174928,398.8,39.0
VIA LIVRE,Tênis Masculino Run Fit Academia Corrida Macio Cortável,0.0,0,https://lista.mercadolivre.com.br/tenis-corrida-masculino,2024-08-24 17:26:52.174928,99.99,33.33
OLYMPIKUS,Tênis Olympikus Challenger 5 Corrida Unissex Treino,0.0,0,https://lista.mercadolivre.com.br/tenis-corrida-masculino,2024-08-24 17:26:52.174928,319.9,289.88
FILA,Tênis Fila Masculino Racer Carbon 2 Corrida Treino Conforto,0.0,0,https://lista.mercadolivre.com.br/tenis-corrida-masculino,2024-08-24 17:26:52.174928,2.179,1.22
OLYMPIKUS,Tênis Olympikus Veloz 3 Corrida Treino Conforto Unissex,0.0,0,https://lista.mercadolivre.com.br/tenis-corrida-masculino,2024-08-24 17:26:52.174928,319.9,297.5
FILA,Tênis Fila Improve Masculino Preto E Azul Original,0.0,0,https://lista.mercadolivre.com.br/tenis-corrida-masculino,2024-08-24 17:26:52.174928,439.99,393.99
OLYMPIKUS,Olympikus 24/7 Lap Masculino Adultos 43769946,4.8,10292,https://lista.mercadolivre.com.br/tenis-corrida-masculino,2024-08-24 17:26:52.174928,229.99,174.89
FILA,Tênis Fila Kr6 Preto Corrida Caminhada Resistente Envio Já,0.0,0,https://lista.mercadolivre.com.br/tenis-corrida-masculino,2024-08-24 17:26:52.174928,599.99,60.0
FILA,Tênis Masculino Fila Renno Classic  Casual Confortável Leve,0.0,0,https://lista.mercadolivre.com.br/tenis-corrida-masculino,2024-08-24 17:26:52.174928,299.99,269.99
VIA LIVRE,Tênis Masculino Advanced Flutua Academia Caminhada Flexível,0.0,0,https://lista.mercadolivre.com.br/tenis-corrida-masculino,2024-08-24 17:26:52.174928,199.66,33.28
FILA,Tênis Fila Masculino Adr Original,0.0,0,https://lista.mercadolivre.com.br/tenis-corrida-masculino,2024-08-24 17:26:52.174928,362.99,322.99
OLYMPIKUS,Tênis Olympikus Challenger 5 Corrida Unissex Treino,0.0,0,https://lista.mercadolivre.com.br/tenis-corrida-masculino,2024-08-24 17:26:52.174928,319.9,297.5
FILA,Kit Tênis Fila  Adr  Masculino E Meia,0.0,0,https://lista.mercadolivre.com.br/tenis-corrida-masculino,2024-08-24 17:26:52.174928,362.99,329.99
RAINHA,Tênis Rainha Vl 2500 Futsal Vôlei Academia Capoeira Corrida,4.6,996,https://lista.mercadolivre.com.br/tenis-corrida-masculino,2024-08-24 17:26:52.174928,78.9,7.67
OLYMPIKUS,Tênis Olympikus Volcan 2 Masculino Original,0.0,0,https://lista.mercadolivre.com.br/tenis-corrida-masculino,2024-08-24 17:26:52.174928,219.98,199.99
FILA,Tênis Fila Racer Gripper Masculino Corrida - Caminhada,4.8,24,https://lista.mercadolivre.com.br/tenis-corrida-masculino,2024-08-24 17:26:52.174928,288.78,32.09
PLAZA,Kit 2 Pares Tênis Casual Esportivo Masculino Relogio Digital,4.5,32,https://lista.mercadolivre.com.br/tenis-corrida-masculino,2024-08-24 17:26:52.174928,149.9,14.57
PLAZA,Kit 2 Pares De Tênis Masculino Academia Caminhada Casual Neo,4.2,625,https://lista.mercadolivre.com.br/tenis-corrida-masculino,2024-08-24 17:26:52.174928,139.9,13.6
ASCENSION,Tênis Masculino E Feminino Corre Trilha Lege 21 *oferta*,0.0,0,https://lista.mercadolivre.com.br/tenis-corrida-masculino,2024-08-24 17:26:52.174928,123.99,31.0
FILA,Tênis Fila Kr6 Preto E Branco Antiderrapante - Masculino,0.0,0,https://lista.mercadolivre.com.br/tenis-corrida-masculino,2024-08-24 17:26:52.174928,599.99,60.0
ADIDAS,Tênis Masculino Duramo Sl adidas,4.9,25,https://lista.mercadolivre.com.br/tenis-corrida-masculino,2024-08-24 17:26:52.174928,499.99,356.35
FILA,Tênis Fila Float Maxxi 2 Pro Masculino Corrida Running,0.0,0,https://lista.mercadolivre.com.br/tenis-corrida-masculino,2024-08-24 17:26:52.174928,729.9,70.76
OLYMPIKUS,Olympikus Voa 2 Feminino Adultos,4.8,281,https://lista.mercadolivre.com.br/tenis-corrida-masculino,2024-08-24 17:26:52.174928,299.99,33.33
ADIDAS,Tênis adidas Response Super Verde,0.0,0,https://lista.mercadolivre.com.br/tenis-corrida-masculino,2024-08-24 17:26:52.174928,599.9,59.99
NIKE,Tênis Nike Revolution 7 Masculino,4.7,1078,https://lista.mercadolivre.com.br/tenis-corrida-masculino,2024-08-24 17:26:52.174928,369.99,35.87
PUMA,Tênis Puma Skyrocket Lite Masculino Corrida - Caminhada,0.0,0,https://lista.mercadolivre.com.br/tenis-corrida-masculino,2024-08-24 17:26:52.174928,349.9,34.99
MIZUNO,Mizuno Wave Vitality 4 Masculino Adultos,4.7,202,https://lista.mercadolivre.com.br/tenis-corrida-masculino,2024-08-24 17:26:52.174928,379.9,37.99
VILI,Tênis Masculino Academia Caminhada Vili Barato Leve Corrida,4.5,2576,https://lista.mercadolivre.com.br/tenis-corrida-masculino,2024-08-24 17:26:52.174928,109.49,10.64
OLYMPIKUS,Tênis Olympikus Volcan 2 Masculino Bege E Preto Original,0.0,0,https://lista.mercadolivre.com.br/tenis-corrida-masculino,2024-08-24 17:26:52.174928,219.98,199.99
FILA,Tênis Fila Adr Masculino Branco E Marinho,0.0,0,https://lista.mercadolivre.com.br/tenis-corrida-masculino,2024-08-24 17:26:52.174928,362.99,325.99
BF SHOES,Tênis Esportivo Masculino Para Malhar Confortável Lançamento,4.5,2004,https://lista.mercadolivre.com.br/tenis-corrida-masculino,2024-08-24 17:26:52.174928,78.9,74.95
OLDSEN,Tênis Masculino Jaguar Oldsen Treino Corrida Promoção Top,4.4,3032,https://lista.mercadolivre.com.br/tenis-corrida-masculino,2024-08-24 17:26:52.174928,78.97,75.02
FILA,Tênis Fila Corrida Caminhada Macio Leve Confortável Original,0.0,0,https://lista.mercadolivre.com.br/tenis-corrida-masculino,2024-08-24 17:26:52.174928,599.99,58.17
PUMA,Tênis De Corrida Puma Scend Pro Masculino Cinza,0.0,0,https://lista.mercadolivre.com.br/tenis-corrida-masculino,2024-08-24 17:26:52.174928,398.8,39.0
NEW BALANCE,New Balance 500 V2 Masculino Adultos,4.6,60,https://lista.mercadolivre.com.br/tenis-corrida-masculino,2024-08-24 17:26:52.174928,379.99,38.0
VIA LIVRE,Tênis Masculino Run Fit Academia Corrida Macio Cortável,0.0,0,https://lista.mercadolivre.com.br/tenis-corrida-masculino,2024-08-24 17:26:52.174928,99.99,33.33
OLYMPIKUS,Tênis Olympikus Challenger 5 Corrida Unissex Treino,0.0,0,https://lista.mercadolivre.com.br/tenis-corrida-masculino,2024-08-24 17:26:52.174928,319.9,289.88
ASCENSION,Tenis Masculino Leve Confotavel Dia A Dia Para Treino,4.5,206,https://lista.mercadolivre.com.br/tenis-corrida-masculino,2024-08-24 17:26:52.174928,109.9,36.63
EVOLTENN,Kit 3 Pares Tênis Esportivo Masculino Evoltenn Style Corrida,4.4,1886,https://lista.mercadolivre.com.br/tenis-corrida-masculino,2024-08-24 17:26:52.174928,188.9,179.45
UNDER ARMOUR,Tênis Masculino E Feminino Charged Slight 3 Under Armour,4.9,353,https://lista.mercadolivre.com.br/tenis-corrida-masculino,2024-08-24 17:26:52.174928,359.99,304.99
FILA,Tênis Fila Masculino Racer Carbon 2 Corrida Treino Conforto,0.0,0,https://lista.mercadolivre.com.br/tenis-corrida-masculino,2024-08-24 17:26:52.174928,2.179,1.22
OLYMPIKUS,Tênis Olympikus Veloz 3 Corrida Treino Conforto Unissex,0.0,0,https://lista.mercadolivre.com.br/tenis-corrida-masculino,2024-08-24 17:26:52.174928,319.9,297.5
OLYMPIKUS,Olympikus Poseidon Masculino Adultos,4.7,734,https://lista.mercadolivre.com.br/tenis-corrida-masculino,2024-08-24 17:26:52.174928,199.99,176.99
OLDSEN,Tenis Masculino Casual Macio Caminhada Treino Oldsen Bmax ,4.2,140,https://lista.mercadolivre.com.br/tenis-corrida-masculino,2024-08-24 17:26:52.174928,78.99,75.04
FILA,Tênis Fila Improve Masculino Preto E Azul Original,0.0,0,https://lista.mercadolivre.com.br/tenis-corrida-masculino,2024-08-24 17:26:52.174928,439.99,393.99
FILA,Tênis Fila Kr6 Preto Corrida Caminhada Resistente Envio Já,0.0,0,https://lista.mercadolivre.com.br/tenis-corrida-masculino,2024-08-24 17:26:52.174928,599.99,60.0
OLYMPIKUS,Olympikus Treino Proof 3 Masculino Adultos,4.8,2048,https://lista.mercadolivre.com.br/tenis-corrida-masculino,2024-08-24 17:26:52.174928,246.94,182.73
PUMA,Tênis Masculino E Feminino Flyer Flex Bdp Puma *oferta*,4.8,259,https://lista.mercadolivre.com.br/tenis-corrida-masculino,2024-08-24 17:26:52.174928,329.9,209.99
FILA,Tênis Masculino Fila Renno Classic  Casual Confortável Leve,0.0,0,https://lista.mercadolivre.com.br/tenis-corrida-masculino,2024-08-24 17:26:52.174928,299.99,269.99
VIA LIVRE,Tênis Masculino Advanced Flutua Academia Caminhada Flexível,0.0,0,https://lista.mercadolivre.com.br/tenis-corrida-masculino,2024-08-24 17:26:52.174928,199.66,33.28
FILA,Tênis Fila Masculino Adr Original,0.0,0,https://lista.mercadolivre.com.br/tenis-corrida-masculino,2024-08-24 17:26:52.174928,362.99,322.99
OLYMPIKUS,Tênis Olympikus Challenger 5 Corrida Unissex Treino,0.0,0,https://lista.mercadolivre.com.br/tenis-corrida-masculino,2024-08-24 17:26:52.174928,319.9,297.5
ADRUN,Tênis Esportivo Masculino Adrun Flex Go 9801m Preto,0.0,0,https://lista.mercadolivre.com.br/tenis-corrida-masculino,2024-08-24 17:26:52.174928,139.9,34.98
BF SHOES,Tênis Branco Lançamento Original Confortável,4.6,7817,https://lista.mercadolivre.com.br/tenis-corrida-masculino,2024-08-24 17:26:52.174928,92.63,68.55
RAINHA,Tênis Rainha Vl 2500 Futsal Vôlei Academia Capoeira Corrida,4.6,996,https://lista.mercadolivre.com.br/tenis-corrida-masculino,2024-08-24 17:26:52.174928,78.9,7.67
BF SHOES,Tênis Branco Masculino Para Academia Esportivo Bf Shoes,4.8,69,https://lista.mercadolivre.com.br/tenis-corrida-masculino,2024-08-24 17:26:52.174928,78.9,74.95
FILA,Kit Tênis Fila  Adr  Masculino E Meia,0.0,0,https://lista.mercadolivre.com.br/tenis-corrida-masculino,2024-08-24 17:26:52.174928,362.99,329.99
FILA,Tênis Fila Street Fit Masculino Preto All Black,4.0,4,https://lista.mercadolivre.com.br/tenis-corrida-masculino,2024-08-24 17:26:52.174928,329.1,296.71
OLYMPIKUS,Tenis Masculino Olympikus Cyber 4 Lançamento,4.8,39,https://lista.mercadolivre.com.br/tenis-corrida-masculino,2024-08-24 17:26:52.174928,259.9,32.49
OLYMPIKUS,Tênis Olympikus Volcan 2 Masculino Original,0.0,0,https://lista.mercadolivre.com.br/tenis-corrida-masculino,2024-08-24 17:26:52.174928,219.98,199.99
DIX, Tênis Maculino Academia Promoção R-4200 - Kit 2 Pares,4.2,657,https://lista.mercadolivre.com.br/tenis-corrida-masculino,2024-08-24 17:26:52.174928,139.9,132.9
EVOLTENN,Kit 3 Pares Tênis Esportivo Masculino Evoltenn Style Corrida,4.4,1886,https://lista.mercadolivre.com.br/tenis-corrida-masculino,2024-08-24 17:26:52.174928,188.9,179.45
TMC,Tênis Masculino Academia Olympiko Esportivo Barato Original,4.5,258,https://lista.mercadolivre.com.br/tenis-corrida-masculino,2024-08-24 17:26:52.174928,78.9,67.06
MVP FITNESS,Tênis Mvp Para Crossfit - 3x3 All Black,4.8,138,https://lista.mercadolivre.com.br/tenis-corrida-masculino,2024-08-24 17:26:52.174928,379.05,360.01
DUBBELE,Tenis Masculino Academia Corrida Wave Force Promoção Barato,4.2,544,https://lista.mercadolivre.com.br/tenis-corrida-masculino,2024-08-24 17:26:52.174928,73.98,7.19
ASCENSION,Tênis Esportivo Ortopédico Para Academia Treino Dia A Dia,4.5,454,https://lista.mercadolivre.com.br/tenis-corrida-masculino,2024-08-24 17:26:52.174928,144.9,137.65
VIA LIVRE,Tênis Masculino Advanced Flutua Academia Corrida Extra Leve,0.0,0,https://lista.mercadolivre.com.br/tenis-corrida-masculino,2024-08-24 17:26:52.174928,199.85,33.31
OLDSEN,Tenis Masculino Unissex Botinha Corrida Academia Promoção,4.5,1305,https://lista.mercadolivre.com.br/tenis-corrida-masculino,2024-08-24 17:26:52.174928,78.9,74.95
TAYGRA,Taygra Original Para Dança Confortável  Preto - Envio 24hs ,4.8,141,https://lista.mercadolivre.com.br/tenis-corrida-masculino,2024-08-24 17:26:52.174928,179.9,17.49
OLYMPIKUS,Tenis Olympikus Challenger 5 Original Corrida Treino,5.0,2,https://lista.mercadolivre.com.br/tenis-corrida-masculino,2024-08-24 17:26:52.174928,299.9,278.9
FILA,Kit Tênis Fila Improve Masculino E Meia,0.0,0,https://lista.mercadolivre.com.br/tenis-corrida-masculino,2024-08-24 17:26:52.174928,439.99,399.99
WONDER,Tenis Masculino Wonder Esportivo Fit Academia Corrida Casual,4.3,29,https://lista.mercadolivre.com.br/tenis-corrida-masculino,2024-08-24 17:26:52.174928,78.9,7.67
OLYMPIKUS,Tênis Olympikus Cyber 4 Masculino Corrida - Caminhada,4.7,3,https://lista.mercadolivre.com.br/tenis-corrida-masculino,2024-08-24 17:26:52.174928,259.9,32.49
MIZUNO,Tênis Para Caminhada Mizuno Cool Ride 2 - Masculino Original,0.0,0,https://lista.mercadolivre.com.br/tenis-corrida-masculino,2024-08-24 17:26:52.174928,397.21,369.79
OLDSEN,Tenis Unissex Infantil Jaguar Corrida Academia Treino 34-43,4.6,945,https://lista.mercadolivre.com.br/tenis-corrida-masculino,2024-08-24 17:26:52.174928,78.9,74.95
ADIDAS,Tênis Esportivo Masculino E Feminino Lite Racer 4.0 adidas,4.4,36,https://lista.mercadolivre.com.br/tenis-corrida-masculino,2024-08-24 17:26:52.174928,299.99,268.99
OLYMPIKUS,Tênis Olympikus Volcan 2 Original Dia A Dia Confortável,4.8,30,https://lista.mercadolivre.com.br/tenis-corrida-masculino,2024-08-24 17:26:52.174928,249.99,199.99
OLYMPIKUS,Tênis Masculino Olympikus Estilo2 Treino - Adulto - Original,4.0,1,https://lista.mercadolivre.com.br/tenis-corrida-masculino,2024-08-24 17:26:52.174928,225.5,21.92
OLYMPIKUS,Tênis Olympikus Masculino Volcan 2 Original,0.0,0,https://lista.mercadolivre.com.br/tenis-corrida-masculino,2024-08-24 17:26:52.174928,219.98,199.99
OLYMPIKUS,Tênis Olympikus Veloz 3 Corrida Treino Conforto Unissex,0.0,0,https://lista.mercadolivre.com.br/tenis-corrida-masculino,2024-08-24 17:26:52.174928,319.9,289.88
SAPATOFRAN,Tênis Sapatênis Esportivo Para Academia X-try Original Leve,4.1,369,https://lista.mercadolivre.com.br/tenis-corrida-masculino,2024-08-24 17:26:52.174928,77.26,69.3
FILA,Tênis Fila Racer Nairobi Preto Cinza E Verde - Masculino,4.8,228,https://lista.mercadolivre.com.br/tenis-corrida-masculino,2024-08-24 17:26:52.174928,379.99,296.39
OLDSEN,Tenis Corrida Casual Insanity Leve Confortável Macio 34-43,4.2,163,https://lista.mercadolivre.com.br/tenis-corrida-masculino,2024-08-24 17:26:52.174928,78.9,74.95
OLYMPIKUS,Olympikus Casual Mood Masculino Adultos,4.8,3553,https://lista.mercadolivre.com.br/tenis-corrida-masculino,2024-08-24 17:26:52.174928,179.99,17.5
OLYMPIKUS,Olympikus Ultraleve 130g Feminino Adultos,4.8,4281,https://lista.mercadolivre.com.br/tenis-corrida-masculino,2024-08-24 17:26:52.174928,208.22,20.0
UNDER ARMOUR,Tênis De Corrida Masculino Under Armour *oferta*,4.8,116,https://lista.mercadolivre.com.br/tenis-corrida-masculino,2024-08-24 17:26:52.174928,279.99,31.11
OLDSEN,Tênis Masculino Academia Esportivo Caminhada Academia ,4.2,240,https://lista.mercadolivre.com.br/tenis-corrida-masculino,2024-08-24 17:26:52.174928,78.9,74.95
TAYGRA,Tenis Taygra,5.0,6,https://lista.mercadolivre.com.br/tenis-corrida-masculino,2024-08-24 17:26:52.174928,179.9,35.98
ASCENSION,Tenis Masculino Feminino Ortopedico Crossfit Original ,4.6,74,https://lista.mercadolivre.com.br/tenis-corrida-masculino,2024-08-24 17:26:52.174928,69.99,57.54
NEW BALANCE,Tênis New Balance 997s Sport Masculino Adulto - Exclusivos,5.0,3,https://lista.mercadolivre.com.br/tenis-corrida-masculino,2024-08-24 17:26:52.174928,213.99,30.57
HAYMAX,Tênis Skatista Masculino Feminino Old School Envio Imediato,4.5,908,https://lista.mercadolivre.com.br/tenis-corrida-masculino,2024-08-24 17:26:52.174928,99.99,9.72
VIA LIVRE,Tênis Masculino Esportivo Academia Treino Corrida Sola Eva,0.0,0,https://lista.mercadolivre.com.br/tenis-corrida-masculino,2024-08-24 17:26:52.174928,199.79,33.3
OLYMPIKUS,Tênis Olympikus Chroma Masculino Preto Academia Caminhada,4.7,36,https://lista.mercadolivre.com.br/tenis-corrida-masculino,2024-08-24 17:26:52.174928,251.24,185.92
LYND,Tênis Masculino Corrida Academia Caminhada Lynd- Grid 321,4.7,521,https://lista.mercadolivre.com.br/tenis-corrida-masculino,2024-08-24 17:26:52.174928,199.9,179.91
OLYMPIKUS,Olympikus Zex Masculino Adultos,4.7,622,https://lista.mercadolivre.com.br/tenis-corrida-masculino,2024-08-24 17:26:52.174928,229.1,206.03
FILA,Tênis Fila Racer Gripper Masculino Corrida - Caminhada,4.8,24,https://lista.mercadolivre.com.br/tenis-corrida-masculino,2024-08-24 17:26:52.174928,288.78,32.09
ADVANCED,Kit 3 Tênis Masculino Esportivo Corrida Academia Confortável,5.0,3,https://lista.mercadolivre.com.br/tenis-corrida-masculino,2024-08-24 17:26:52.174928,299.9,269.91
FILA,Tênis Fila Kr6 Preto E Branco Corrida Macio - Masculino,0.0,0,https://lista.mercadolivre.com.br/tenis-corrida-masculino,2024-08-24 17:26:52.174928,599.99,58.17
OLYMPIKUS,Olympikus Casual Jogging 101 Masculino Adultos,4.6,1694,https://lista.mercadolivre.com.br/tenis-corrida-masculino,2024-08-24 17:26:52.174928,199.99,19.44
OLDSEN,Tenis Masculino Lançamento Original Confortavel Tecido 38-45,4.3,568,https://lista.mercadolivre.com.br/tenis-corrida-masculino,2024-08-24 17:26:52.174928,78.95,75.29
PUMA,Tênis Puma Skyrocket Lite Masculino Academia Pro Corrida Run,4.8,455,https://lista.mercadolivre.com.br/tenis-corrida-masculino,2024-08-24 17:26:52.174928,499.99,259.99
OLYMPIKUS,Tênis Esportivo Olympikus Estilo 2 Preto Masculino Original,4.9,7,https://lista.mercadolivre.com.br/tenis-corrida-masculino,2024-08-24 17:26:52.174928,269.9,33.74
UNDER ARMOUR,Tênis De Corrida Under Armour Charged Starlight,0.0,0,https://lista.mercadolivre.com.br/tenis-corrida-masculino,2024-08-24 17:26:52.174928,249.99,31.25
FILA,Tênis Fila  Adr Masculino Original,0.0,0,https://lista.mercadolivre.com.br/tenis-corrida-masculino,2024-08-24 17:26:52.174928,362.99,324.99
ADVANCED,Kit 3 Tênis Masculino Esportivo Corrida Academia Confortável,5.0,3,https://lista.mercadolivre.com.br/tenis-corrida-masculino,2024-08-24 17:26:52.174928,299.9,269.91
STARFLEX,Tênis Com Amortecedor Masculino Corrida Esportivo Flex Mola ,4.6,78,https://lista.mercadolivre.com.br/tenis-corrida-masculino,2024-08-24 17:26:52.174928,134.9,33.72
OLYMPIKUS,Tênis Masculino Versa Com Sola Caixa Olympikus,4.8,976,https://lista.mercadolivre.com.br/tenis-corrida-masculino,2024-08-24 17:26:52.174928,259.99,219.99
VIA LIVRE,Tênis Masculino Corrida Advanced Aero Academia Leve Macio,4.4,43,https://lista.mercadolivre.com.br/tenis-corrida-masculino,2024-08-24 17:26:52.174928,79.9,26.63
MIZUNO,Mizuno Wave Way 3 Masculino Adultos,4.7,281,https://lista.mercadolivre.com.br/tenis-corrida-masculino,2024-08-24 17:26:52.174928,349.9,34.99
EVER WAY,Tênis De Caminhada Confortável Detalhes Em Couro Legitimo,4.4,310,https://lista.mercadolivre.com.br/tenis-corrida-masculino,2024-08-24 17:26:52.174928,78.9,74.95
MARATHON,Tênis Esportivo Corrida Marathon Flex Amortecedor Mola Leve,4.0,23,https://lista.mercadolivre.com.br/tenis-corrida-masculino,2024-08-24 17:26:52.174928,199.9,77.96
OLYMPIKUS,Tênis Masculino Olympikus Diffuse 5 Original Esportivo,4.9,125,https://lista.mercadolivre.com.br/tenis-corrida-masculino,2024-08-24 17:26:52.174928,299.99,284.99
EVOLTENN,Kit 3 Pares Tênis Esportivo Masculino Evoltenn Style Corrida,4.4,1886,https://lista.mercadolivre.com.br/tenis-corrida-masculino,2024-08-24 17:26:52.174928,188.9,179.45
SAPATOFRAN,Sapatênis Masculino Sola Baixa Super Barato Básico Promoção,4.2,73,https://lista.mercadolivre.com.br/tenis-corrida-masculino,2024-08-24 17:26:52.174928,54.99,44.99
OLYMPIKUS,Tênis Olympikus Proof 3 Caminhada Treino Corrida Academia,4.6,194,https://lista.mercadolivre.com.br/tenis-corrida-masculino,2024-08-24 17:26:52.174928,199.9,33.32
OLYMPIKUS,Tenis Masculino Corrida Olimpicos Soma Amortecedor Impacto,4.6,245,https://lista.mercadolivre.com.br/tenis-corrida-masculino,2024-08-24 17:26:52.174928,225.9,21.96
ADVANCED,Kit Tênis Masculino Esportivo Academia Confortável Macio,0.0,0,https://lista.mercadolivre.com.br/tenis-corrida-masculino,2024-08-24 17:26:52.174928,249.9,212.41
POLO JOY,Tenis Meia Polo Joy Masculino Caminhada Original Confortavel,4.8,72,https://lista.mercadolivre.com.br/tenis-corrida-masculino,2024-08-24 17:26:52.174928,129.99,116.99
ON RUNNING,Tênis On Running Cloudvista 2 Adultos Branco Preto,0.0,0,https://lista.mercadolivre.com.br/tenis-corrida-masculino,2024-08-24 17:26:52.174928,999.9,99.99
OLYMPIKUS,Tenis Ortopédico Caminhada Unissex Academia Slip On,0.0,0,https://lista.mercadolivre.com.br/tenis-corrida-masculino,2024-08-24 17:26:52.174928,289.9,176.83
OLYMPIKUS,Olympikus Treino Dynamic Masculino Adultos,4.8,8122,https://lista.mercadolivre.com.br/tenis-corrida-masculino,2024-08-24 17:26:52.174928,199.34,19.0
BF SHOES,Tênis Masculino Para Caminhada Academia Esportivo Bf Shoes,4.8,23,https://lista.mercadolivre.com.br/tenis-corrida-masculino,2024-08-24 17:26:52.174928,89.9,66.52
DUBBELE,Tenis Masculino Academia Corrida Wave Force Promoção Barato,4.2,544,https://lista.mercadolivre.com.br/tenis-corrida-masculino,2024-08-24 17:26:52.174928,73.98,7.19
HEADER,Tênis Masculino Header Easy Caminhada Dia A Dia Promoção,0.0,0,https://lista.mercadolivre.com.br/tenis-corrida-masculino,2024-08-24 17:26:52.174928,35.9,11.97
TAYGRA,Taygra  ,4.6,11,https://lista.mercadolivre.com.br/tenis-corrida-masculino,2024-08-24 17:26:52.174928,189.9,180.4
OLYMPIKUS,Olympikus Diffuse 5 Masculino Adultos,4.9,481,https://lista.mercadolivre.com.br/tenis-corrida-masculino,2024-08-24 17:26:52.174928,251.38,31.0
MIZUNO,Mizuno Wave Mirai 5 Masculino Adultos,4.6,710,https://lista.mercadolivre.com.br/tenis-corrida-masculino,2024-08-24 17:26:52.174928,309.85,30.99
ASICS,Tênis Asics Gel-sparta 2 Preto E Dourado Masculino Original,4.3,16,https://lista.mercadolivre.com.br/tenis-corrida-masculino,2024-08-24 17:26:52.174928,389.9,38.99
SKECHERS,Tênis Masculino Go Run Vast Skechers Novo,5.0,28,https://lista.mercadolivre.com.br/tenis-corrida-masculino,2024-08-24 17:26:52.174928,349.99,278.99
THE NORTH FACE,Tênis Esportivo Masculino Truckee The North Face,0.0,0,https://lista.mercadolivre.com.br/tenis-corrida-masculino,2024-08-24 17:26:52.174928,949.99,805.6
KAMANI,Kit 2 Pares Tênis Masculino Academia Corrida Caminhada Combo,4.6,200,https://lista.mercadolivre.com.br/tenis-corrida-masculino,2024-08-24 17:26:52.174928,149.9,134.91
OLDSEN,Tenis Corrida Casual Insanity Leve Confortável Macio 34-43,4.5,322,https://lista.mercadolivre.com.br/tenis-corrida-masculino,2024-08-24 17:26:52.174928,69.9,66.4
OLYMPIKUS,Tênis Olympikus Pride 3,0.0,0,https://lista.mercadolivre.com.br/tenis-corrida-masculino,2024-08-24 17:26:52.174928,279.99,31.11
OLYMPIKUS,Tênis Masculino Olympikus Diffuse 5 Original Esportivo,4.9,125,https://lista.mercadolivre.com.br/tenis-corrida-masculino,2024-08-24 17:26:52.174928,299.99,284.99
OLYMPIKUS,Tênis Olympikus Vibração Masculino,4.6,195,https://lista.mercadolivre.com.br/tenis-corrida-masculino,2024-08-24 17:26:52.174928,164.28,15.97
OLYMPIKUS,Tênis Olympikus Dynamic Masculino Original Com Nota Fiscal,4.9,188,https://lista.mercadolivre.com.br/tenis-corrida-masculino,2024-08-24 17:26:52.174928,259.78,25.19
UNDER ARMOUR,Tênis De Corrida Under Armour Charged Slight 3,0.0,0,https://lista.mercadolivre.com.br/tenis-corrida-masculino,2024-08-24 17:26:52.174928,359.99,36.0
FILA,Tenis Fila Original Racer Comet Masculino Corrida Academia ,4.7,48,https://lista.mercadolivre.com.br/tenis-corrida-masculino,2024-08-24 17:26:52.174928,362.49,268.25
BAD FISH,Tênis Track Sapatilha Bad Fish Adventure Pesca Rosa Preto ,4.8,94,https://lista.mercadolivre.com.br/tenis-corrida-masculino,2024-08-24 17:26:52.174928,204.99,19.93
OLYMPIKUS,Tenis Olympikus Dynamic Masculino Esportivo Original,5.0,49,https://lista.mercadolivre.com.br/tenis-corrida-masculino,2024-08-24 17:26:52.174928,295.25,280.14
OLYMPIKUS,Olympikus Casual Noventa Masculino Adultos,4.7,1058,https://lista.mercadolivre.com.br/tenis-corrida-masculino,2024-08-24 17:26:52.174928,250.8,24.32
OLYMPIKUS,Tênis Masculino Olympikus Diffuse 5 Original Esportivo,4.9,125,https://lista.mercadolivre.com.br/tenis-corrida-masculino,2024-08-24 17:26:52.174928,299.99,284.99
EVOLTENN,Kit 3 Pares Tênis Esportivo Masculino Evoltenn Style Corrida,4.4,1886,https://lista.mercadolivre.com.br/tenis-corrida-masculino,2024-08-24 17:26:52.174928,188.9,179.45
TRYD,Tênis Para Treino Academia Caminhada Corrida Tryd 5400 Leve,4.5,11040,https://lista.mercadolivre.com.br/tenis-corrida-masculino,2024-08-24 17:26:52.174928,99.99,70.99
WM,Tenis Revelation Masculino Feminino Promoção Pronta Entrega,4.5,163,https://lista.mercadolivre.com.br/tenis-corrida-masculino,2024-08-24 17:26:52.174928,109.99,98.99
EVERLAST,Tênis Everlast Bunker Treino Academia Caminhada Corrida Leve,4.5,26,https://lista.mercadolivre.com.br/tenis-corrida-masculino,2024-08-24 17:26:52.174928,239.9,147.25
WM,Tenis Olimp Masculino Feminino Lançamento Muito Envio Rápido,4.4,50,https://lista.mercadolivre.com.br/tenis-corrida-masculino,2024-08-24 17:26:52.174928,109.99,100.09
MOLEKINHO,Tênis Menino Casual Calce Fácil Dia A Dia Conforto Original,5.0,39,https://lista.mercadolivre.com.br/tenis-corrida-masculino,2024-08-24 17:26:52.174928,78.88,74.14
OLYMPIKUS,Olympikus Caminhada Urano 2 Sem gênero Adultos,4.8,1961,https://lista.mercadolivre.com.br/tenis-corrida-masculino,2024-08-24 17:26:52.174928,229.99,194.99
DIX,Tênis Para Academia Masculino Malhar Corrida Promoção,4.5,2491,https://lista.mercadolivre.com.br/tenis-corrida-masculino,2024-08-24 17:26:52.174928,69.9,66.4
ON,Tênis On Running Cloudgo Corrida Masculino,0.0,0,https://lista.mercadolivre.com.br/tenis-corrida-masculino,2024-08-24 17:26:52.174928,699.9,69.0
DIX, Tênis Maculino Academia Promoção R-4200 - Kit 2 Pares,4.2,657,https://lista.mercadolivre.com.br/tenis-corrida-masculino,2024-08-24 17:26:52.174928,139.9,132.9
SKECHERS,Skechers GORun Fast Masculino Adultos,4.2,5,https://lista.mercadolivre.com.br/tenis-corrida-masculino,2024-08-24 17:26:52.174928,269.9,33.74
OLYMPIKUS,Tênis Masculino Lap Cinza E Preto Olympikus,4.8,203,https://lista.mercadolivre.com.br/tenis-corrida-masculino,2024-08-24 17:26:52.174928,229.99,182.99
MARATHON,Tênis Esportivo Academia Marathon Max Ok Anti Impacto Leve,4.4,90,https://lista.mercadolivre.com.br/tenis-corrida-masculino,2024-08-24 17:26:52.174928,299.9,107.96
ASCENSION,Tênis Masculino Para Academia Caminhada Corrida Cross ,4.6,11,https://lista.mercadolivre.com.br/tenis-corrida-masculino,2024-08-24 17:26:52.174928,109.33,36.0
OLYMPIKUS,Olympikus Treino Beats Masculino Adultos,4.7,54,https://lista.mercadolivre.com.br/tenis-corrida-masculino,2024-08-24 17:26:52.174928,256.82,24.0
EVER WAY,Tênis Caminhada Corrida  Macio Confortável Academia Fitness,4.8,22,https://lista.mercadolivre.com.br/tenis-corrida-masculino,2024-08-24 17:26:52.174928,119.9,88.72
UNDER ARMOUR,Kit 1 Tênis De Corrida Masculino Under Armour Charged Skylin,0.0,0,https://lista.mercadolivre.com.br/tenis-corrida-masculino,2024-08-24 17:26:52.174928,229.99,32.86
MIZUNO,Kit 1 Tênis De Corrida Masculino Mizuno Wave Vitality 4 E 3 ,0.0,0,https://lista.mercadolivre.com.br/tenis-corrida-masculino,2024-08-24 17:26:52.174928,229.99,22.36
OLIMPAK,Tênis Masculino Caminhada Clássico Olimp Moda Star Treino,0.0,0,https://lista.mercadolivre.com.br/tenis-corrida-masculino,2024-08-24 17:26:52.174928,56.67,18.0
PLAZA,Kit 4 Pares Tênis Masculino Casual Academia Caminhada Atacad,4.3,455,https://lista.mercadolivre.com.br/tenis-corrida-masculino,2024-08-24 17:26:52.174928,289.9,32.21
NB,Tênis Masculino N&b 997s Reverl Absordb Sport Lançamento,4.4,47,https://lista.mercadolivre.com.br/tenis-corrida-masculino,2024-08-24 17:26:52.174928,204.99,19.93
ADAPTION,Kit 2 Pares De Tenis Masculino Academia Limited + Relogio,4.4,4249,https://lista.mercadolivre.com.br/tenis-corrida-masculino,2024-08-24 17:26:52.174928,131.42,12.77
POLO,Tênis Polo Joy Original Caminhada Corrida Academia Unissex,0.0,0,https://lista.mercadolivre.com.br/tenis-corrida-masculino,2024-08-24 17:26:52.174928,97.43,9.0
MIUZZI,Tênis Box Masculino Grafite E Laranja Meninos Corrida Sport,0.0,0,https://lista.mercadolivre.com.br/tenis-corrida-masculino,2024-08-24 17:26:52.174928,65.9,21.97
ON,Tênis On Running Cloudgo Corrida Masculino,0.0,0,https://lista.mercadolivre.com.br/tenis-corrida-masculino,2024-08-24 17:26:52.174928,699.9,69.0
BOX200,Tênis Masculino 44 45 46 47 48 49 Preto Numeração Especial,0.0,0,https://lista.mercadolivre.com.br/tenis-corrida-masculino,2024-08-24 17:26:52.174928,78.9,7.67
OLYMPIKUS,Olympikus CORRIDA Voa 2 Masculino Adultos,4.8,564,https://lista.mercadolivre.com.br/tenis-corrida-masculino,2024-08-24 17:26:52.174928,299.99,254.99
MIZUNO,Tênis De Corrida Masculino Mizuno Wave Stratos 2,0.0,0,https://lista.mercadolivre.com.br/tenis-corrida-masculino,2024-08-24 17:26:52.174928,799.99,80.0
OLYMPIKUS,Tênis Olympikus Reverso 2,0.0,0,https://lista.mercadolivre.com.br/tenis-corrida-masculino,2024-08-24 17:26:52.174928,379.99,36.84
PLAZA,Kit 2 Pares Tênis Casual Esportivo Masculino Relogio Digital,4.5,32,https://lista.mercadolivre.com.br/tenis-corrida-masculino,2024-08-24 17:26:52.174928,149.9,14.57
OLYMPIKUS,Tênis Olympikus Adrena,0.0,0,https://lista.mercadolivre.com.br/tenis-corrida-masculino,2024-08-24 17:26:52.174928,299.99,33.33
OLYMPIKUS,Tênis Olympikus Voa 2 Preto,4.8,21,https://lista.mercadolivre.com.br/tenis-corrida-masculino,2024-08-24 17:26:52.174928,272.85,30.32
ASCENSION,Tênis Esportivo Ortopédico Para Academia Treino Dia A Dia,4.5,454,https://lista.mercadolivre.com.br/tenis-corrida-masculino,2024-08-24 17:26:52.174928,144.9,137.65
MIZUNO,Kit 1 Tênis De Corrida Mizuno Wave Vitality 4 E 3 Pares De M,0.0,0,https://lista.mercadolivre.com.br/tenis-corrida-masculino,2024-08-24 17:26:52.174928,229.99,32.86
NEW BALANCE,Tênis New Balance 520v8 Masculino Marinho Academia Treino,0.0,0,https://lista.mercadolivre.com.br/tenis-corrida-masculino,2024-08-24 17:26:52.174928,339.9,33.99
OLYMPIKUS,Tênis Masculino Olympikus Running Conforto Original Novo,4.8,8,https://lista.mercadolivre.com.br/tenis-corrida-masculino,2024-08-24 17:26:52.174928,249.99,237.49
PLAZA,Kit 2 Pares De Tênis Masculino Academia Caminhada Casual Neo,4.2,625,https://lista.mercadolivre.com.br/tenis-corrida-masculino,2024-08-24 17:26:52.174928,139.9,13.6
BAD FISH,Tênis Adventure Caminhada Academia Trail Trekking Air Mesh,4.7,172,https://lista.mercadolivre.com.br/tenis-corrida-masculino,2024-08-24 17:26:52.174928,199.49,19.39
RAYCONN,Tenis 4 Molas Masculino Corrida Caminhada Running Original,4.4,82,https://lista.mercadolivre.com.br/tenis-corrida-masculino,2024-08-24 17:26:52.174928,186.95,164.51
FILA,Fila Float Maxxi 2 Pro Masculino Adultos,5.0,12,https://lista.mercadolivre.com.br/tenis-corrida-masculino,2024-08-24 17:26:52.174928,810.0,81.0
UNDER ARMOUR,Tênis Masculino Ch. Wing Se  Under Armour Novo,4.6,104,https://lista.mercadolivre.com.br/tenis-corrida-masculino,2024-08-24 17:26:52.174928,329.99,239.99
LORENZZO LOPEZ,Tenis Masculino Caminha E Academia Super Leve Na Promoção,4.3,45,https://lista.mercadolivre.com.br/tenis-corrida-masculino,2024-08-24 17:26:52.174928,39.9,3.87
ASICS,Asics Gel-Nimbus 26 Masculino Adultos,4.8,4,https://lista.mercadolivre.com.br/tenis-corrida-masculino,2024-08-24 17:26:52.174928,1.379,138.0
OLYMPIKUS,Tênis Olympikus Voa 2 Preto,4.8,21,https://lista.mercadolivre.com.br/tenis-corrida-masculino,2024-08-24 17:26:52.174928,272.85,30.32
ASCENSION,Tenis Ortopedico Masculino Corrida Caminhada Academia Treino,4.4,336,https://lista.mercadolivre.com.br/tenis-corrida-masculino,2024-08-24 17:26:52.174928,109.9,36.63
NEW BALANCE,Tênis Masculino New Balance 997s - Couro Camurça Borracha,4.1,19,https://lista.mercadolivre.com.br/tenis-corrida-masculino,2024-08-24 17:26:52.174928,213.9,30.56
ASICS,Asics Gel-Nimbus 26 Masculino Adultos,4.8,4,https://lista.mercadolivre.com.br/tenis-corrida-masculino,2024-08-24 17:26:52.174928,1.379,138.0
MIZUNO,Tênis Masculino Mizuno Wave Prophecy 13,0.0,0,https://lista.mercadolivre.com.br/tenis-corrida-masculino,2024-08-24 17:26:52.174928,1.799,180.0
OLYMPIKUS,Tênis Olympikus Voa 2 Corrida Marinho - Masculino,0.0,0,https://lista.mercadolivre.com.br/tenis-corrida-masculino,2024-08-24 17:26:52.174928,249.99,24.3
ADEX,Tênis Masculino De Futsal Vulcanizado Estilo Rainha Futebol,4.5,103,https://lista.mercadolivre.com.br/tenis-corrida-masculino,2024-08-24 17:26:52.174928,78.9,26.3
THE NORTH FACE,Tênis Esportivo Masculino Truckee The North Face,0.0,0,https://lista.mercadolivre.com.br/tenis-corrida-masculino,2024-08-24 17:26:52.174928,949.99,805.6
RAYCONN,Tenis 4 Molas Masculino Corrida Caminhada Running Original,4.4,82,https://lista.mercadolivre.com.br/tenis-corrida-masculino,2024-08-24 17:26:52.174928,186.95,164.51
LORENZZO LOPEZ,Tênis Masculino Para Academia E Corrida Super Macio E Leve,4.4,27,https://lista.mercadolivre.com.br/tenis-corrida-masculino,2024-08-24 17:26:52.174928,39.9,13.3
POLO JOY,Combo 2 Pares Tenis Masculino Polo Joy Casual Slip On Iate,4.6,403,https://lista.mercadolivre.com.br/tenis-corrida-masculino,2024-08-24 17:26:52.174928,169.9,16.51
NEW BALANCE,New Balance 997s Masculino Adultos,4.2,6,https://lista.mercadolivre.com.br/tenis-corrida-masculino,2024-08-24 17:26:52.174928,196.9,177.3
OLYMPIKUS,Tênis Olympikus Estilo 2 Preto,4.3,39,https://lista.mercadolivre.com.br/tenis-corrida-masculino,2024-08-24 17:26:52.174928,199.9,33.32
OLYMPIKUS,Olympikus Neblina Masculino Adultos,4.7,77,https://lista.mercadolivre.com.br/tenis-corrida-masculino,2024-08-24 17:26:52.174928,339.99,251.59
OLYMPIKUS,Tênis Olympikus Neblina Masculino,4.6,59,https://lista.mercadolivre.com.br/tenis-corrida-masculino,2024-08-24 17:26:52.174928,279.9,31.1
FILA,Tenis Fila Venture Tracer Preto/grafite/laranja,5.0,1,https://lista.mercadolivre.com.br/tenis-corrida-masculino,2024-08-24 17:26:52.174928,346.37,33.58
OLYMPIKUS,Tênis Masculino Subverse Olympikus,4.7,74,https://lista.mercadolivre.com.br/tenis-corrida-masculino,2024-08-24 17:26:52.174928,349.99,251.99
SIX STREET,Tênis Six Street Infinity  Esporte Basquete Corrida Original,5.0,1,https://lista.mercadolivre.com.br/tenis-corrida-masculino,2024-08-24 17:26:52.174928,298.9,33.21
FILA,Fila Racer Spider Masculino Adultos,4.8,203,https://lista.mercadolivre.com.br/tenis-corrida-masculino,2024-08-24 17:26:52.174928,311.92,230.82
ZEUZ,Tênis Masculino Leve Esportivo Conforto Dia A Dia Elástico,4.4,11,https://lista.mercadolivre.com.br/tenis-corrida-masculino,2024-08-24 17:26:52.174928,89.99,30.0
OLDSEN,Tênis Lançamento Original Confortável Corrida Esportivo,4.8,11,https://lista.mercadolivre.com.br/tenis-corrida-masculino,2024-08-24 17:26:52.174928,63.9,6.21
DM DAMANDO,Tenis Masculino Esportivo Academia Confortavel Crossfit Leve,4.6,9,https://lista.mercadolivre.com.br/tenis-corrida-masculino,2024-08-24 17:26:52.174928,82.9,78.75
OLYMPIKUS,Olympikus Active Lap Masculino Adultos,4.7,6,https://lista.mercadolivre.com.br/tenis-corrida-masculino,2024-08-24 17:26:52.174928,239.9,23.32
FILA,Fila KR6 Masculino Adultos,4.7,362,https://lista.mercadolivre.com.br/tenis-corrida-masculino,2024-08-24 17:26:52.174928,317.7,31.0
SCHIARELI,Tênis Confortavel Esportivo Leve Macio Varias Cores,4.6,79,https://lista.mercadolivre.com.br/tenis-corrida-masculino,2024-08-24 17:26:52.174928,139.9,34.98
OLYMPIKUS,Olympikus Eros Masculino Adultos,4.8,1734,https://lista.mercadolivre.com.br/tenis-corrida-masculino,2024-08-24 17:26:52.174928,165.75,156.24
UNDER ARMOUR,Under Armour Spawn 3 Masculino Adultos,4.7,33,https://lista.mercadolivre.com.br/tenis-corrida-masculino,2024-08-24 17:26:52.174928,315.5,31.0
STARFLEX,Tênis Com Amortecedor Masculino Corrida Esportivo Flex Mola ,4.6,78,https://lista.mercadolivre.com.br/tenis-corrida-masculino,2024-08-24 17:26:52.174928,134.9,33.72
DM DAMANDO,Combo 3 Pares Tenis Esportivo Masculino Caminhada + Relógio,4.0,9,https://lista.mercadolivre.com.br/tenis-corrida-masculino,2024-08-24 17:26:52.174928,209.9,199.4
OLYMPIKUS,Tênis Olympikus Diffuse 4 Preto E Dourado,4.7,82,https://lista.mercadolivre.com.br/tenis-corrida-masculino,2024-08-24 17:26:52.174928,200.85,33.48
FILA,Fila Racer T2 Masculino Adultos,4.8,92,https://lista.mercadolivre.com.br/tenis-corrida-masculino,2024-08-24 17:26:52.174928,499.26,369.93
OLYMPIKUS,Tênis Masculino Olympikus Corrida Macio Wellness Original,4.9,14,https://lista.mercadolivre.com.br/tenis-corrida-masculino,2024-08-24 17:26:52.174928,229.99,218.49
EVOLTENN,Kit 3 Tênis Desportivo Solado Trançado Macio Envio Imadiato,4.4,135,https://lista.mercadolivre.com.br/tenis-corrida-masculino,2024-08-24 17:26:52.174928,189.9,180.4
SAPATOFRAN,Kit Tênis Academia Sapatênis Chinela Relógio Carteira,4.3,286,https://lista.mercadolivre.com.br/tenis-corrida-masculino,2024-08-24 17:26:52.174928,129.8,107.35
DM DAMANDO,Combo 2 Pares Tenis Masculino Treino Academia Corrida + Rel,4.4,113,https://lista.mercadolivre.com.br/tenis-corrida-masculino,2024-08-24 17:26:52.174928,149.9,142.4
OLYMPIKUS,Tênis Olympikus Masculino Confortável Lançamento Z160,4.8,9,https://lista.mercadolivre.com.br/tenis-corrida-masculino,2024-08-24 17:26:52.174928,189.99,18.47
OLYMPIKUS,Tênis Olympikus Diffuse 5 Masculino Esportivo Original,0.0,0,https://lista.mercadolivre.com.br/tenis-corrida-masculino,2024-08-24 17:26:52.174928,251.38,31.0
ASICS,Asics Gel-Shogun 5 Masculino Adultos,4.8,168,https://lista.mercadolivre.com.br/tenis-corrida-masculino,2024-08-24 17:26:52.174928,479.9,355.12
ASCENSION,Tenis Ortopedico Masculino Corrida Caminhada Academia Treino,4.4,336,https://lista.mercadolivre.com.br/tenis-corrida-masculino,2024-08-24 17:26:52.174928,109.9,36.63
LORENZZO LOPEZ,Tênis Masculino Para Academia E Corrida Super Macio E Leve,4.4,27,https://lista.mercadolivre.com.br/tenis-corrida-masculino,2024-08-24 17:26:52.174928,39.9,13.3
VIA LIVRE,Tênis Masculino Run Fit Academia Corrida Macio Cortável,0.0,0,https://lista.mercadolivre.com.br/tenis-corrida-masculino,2024-08-24 17:26:52.174928,99.99,33.33
ULTRABONE,Tênis Unissex Academia Leve Macio Basico Caminhada Fitness ,4.5,12,https://lista.mercadolivre.com.br/tenis-corrida-masculino,2024-08-24 17:26:52.174928,63.99,60.79
ON RUNNING,Tênis On Running Cloudgo Shale,5.0,2,https://lista.mercadolivre.com.br/tenis-corrida-masculino,2024-08-24 17:26:52.174928,699.9,69.99
NEW BALANCE,Tênis Clássico New Balance 997s Sport Têxtil Importado ,4.6,62,https://lista.mercadolivre.com.br/tenis-corrida-masculino,2024-08-24 17:26:52.174928,219.99,21.38
MIZUNO,Kit 1 Tênis De Corrida Masculino Mizuno Cool Ride E 3 Pares ,0.0,0,https://lista.mercadolivre.com.br/tenis-corrida-masculino,2024-08-24 17:26:52.174928,199.99,33.33
RAINHA,Tênis Esportivo Masculino Rainha Drive Iii ,4.3,7,https://lista.mercadolivre.com.br/tenis-corrida-masculino,2024-08-24 17:26:52.174928,179.9,170.9
VILI,Tênis Masculino Academia Caminhada Vili Barato Leve Corrida,4.5,2576,https://lista.mercadolivre.com.br/tenis-corrida-masculino,2024-08-24 17:26:52.174928,109.49,10.64
OLYMPIKUS,Tênis Olympikus Diffuse 5 Masculino Esportivo Original,0.0,0,https://lista.mercadolivre.com.br/tenis-corrida-masculino,2024-08-24 17:26:52.174928,251.38,31.0
OLYMP,Tênis Lançamento Kit 2 Pares Mega Olymp Promoção Sport#,4.4,176,https://lista.mercadolivre.com.br/tenis-corrida-masculino,2024-08-24 17:26:52.174928,143.9,35.98
REEBOK,Tênis Reebok Nfx Trainer Masculino,4.8,27,https://lista.mercadolivre.com.br/tenis-corrida-masculino,2024-08-24 17:26:52.174928,499.9,49.99
NEW BALANCE,New Balance Fresh Foam X 1080 V12 Masculino Adultos,5.0,7,https://lista.mercadolivre.com.br/tenis-corrida-masculino,2024-08-24 17:26:52.174928,999.9,739.92
OLYMPIKUS,Tênis Olympikus Estilo 2 Preto,4.7,18,https://lista.mercadolivre.com.br/tenis-corrida-masculino,2024-08-24 17:26:52.174928,209.9,34.98
ADAPTION,Tenis Masculino Academia Caminhada Corrida Adaption Extreme,4.0,23,https://lista.mercadolivre.com.br/tenis-corrida-masculino,2024-08-24 17:26:52.174928,59.9,5.82
DM DAMANDO,Tênis Masculino Conforto Passeio/esporte + Relógio,4.3,122,https://lista.mercadolivre.com.br/tenis-corrida-masculino,2024-08-24 17:26:52.174928,77.9,25.97
ADIDAS,Tênis adidas Response Super Verde,0.0,0,https://lista.mercadolivre.com.br/tenis-corrida-masculino,2024-08-24 17:26:52.174928,599.9,59.99
FILA,Fila Racer Carbon 2 Masculino Adultos,5.0,5,https://lista.mercadolivre.com.br/tenis-corrida-masculino,2024-08-24 17:26:52.174928,1.887,109.0
ADAPTION,Kit 2 Pares De Tenis Masculino Adaption Academia Limited ,4.1,275,https://lista.mercadolivre.com.br/tenis-corrida-masculino,2024-08-24 17:26:52.174928,129.9,12.63
OLYMPIKUS,Tênis Masculino E Feminino Reverso 2 Olympikus,4.7,627,https://lista.mercadolivre.com.br/tenis-corrida-masculino,2024-08-24 17:26:52.174928,379.99,279.99
LORENZZO LOPEZ,Tênis Masculino Para Academia E Corrida Super Macio E Leve,4.4,27,https://lista.mercadolivre.com.br/tenis-corrida-masculino,2024-08-24 17:26:52.174928,39.9,13.3
OLYMPIKUS,Tênis Olympikus Corre 3 Verde Azul E Rosa,5.0,69,https://lista.mercadolivre.com.br/tenis-corrida-masculino,2024-08-24 17:26:52.174928,499.99,50.0
OLDSEN,Tenis Unissex Infantil Jaguar Corrida Academia Treino 34-43,4.7,77,https://lista.mercadolivre.com.br/tenis-corrida-masculino,2024-08-24 17:26:52.174928,49.9,4.84
ASCENSION,Tênis Masculino Ortopédico Caminhada Treino Calce Facil,4.6,43,https://lista.mercadolivre.com.br/tenis-corrida-masculino,2024-08-24 17:26:52.174928,99.9,94.9
OLYMPIKUS,Tênis Para Corrida Ou Caminhada Olympikus Asfalto,0.0,0,https://lista.mercadolivre.com.br/tenis-corrida-masculino,2024-08-24 17:26:52.174928,259.9,32.49
OLYMPIKUS,Oferta Olympikus Perfect 3 Preto /petala Lucaisane Tênis,5.0,16,https://lista.mercadolivre.com.br/tenis-corrida-masculino,2024-08-24 17:26:52.174928,199.99,19.44
DM DAMANDO,Tenis Masculino Para Sport Treino Academia Ultra Leve ,4.7,40,https://lista.mercadolivre.com.br/tenis-corrida-masculino,2024-08-24 17:26:52.174928,84.9,28.3
OLYMPIKUS,Tênis Olympikus Clic Masculino Preto,0.0,0,https://lista.mercadolivre.com.br/tenis-corrida-masculino,2024-08-24 17:26:52.174928,249.12,31.0
OLYMPIKUS,Tenis Masculino Olympikus Urano 2 Academia Corrida Original,5.0,1,https://lista.mercadolivre.com.br/tenis-corrida-masculino,2024-08-24 17:26:52.174928,184.88,17.0
SPARK,Tênis Spark Jogging Exercícios Never Give Cadarço Masculino ,0.0,0,https://lista.mercadolivre.com.br/tenis-corrida-masculino,2024-08-24 17:26:52.174928,139.9,13.6
ULTRABONE,Tênis Fitness Esportivo Para Treino Academia Corrida Barato,4.2,5,https://lista.mercadolivre.com.br/tenis-corrida-masculino,2024-08-24 17:26:52.174928,78.9,64.69
ON RUNNING,Tênis On Running The Roger Pro Masculino,0.0,0,https://lista.mercadolivre.com.br/tenis-corrida-masculino,2024-08-24 17:26:52.174928,2.239,124.0
ASICS,Asics Shinobi Masculino Adultos,4.8,40,https://lista.mercadolivre.com.br/tenis-corrida-masculino,2024-08-24 17:26:52.174928,388.9,37.7
OLYMPIKUS,Tênis Olympikus Vertical Masculino,4.5,6,https://lista.mercadolivre.com.br/tenis-corrida-masculino,2024-08-24 17:26:52.174928,265.9,33.24
OLYMPIKUS,Tênis Masculino Olympikus Proof Tam Especial 45 A 48,4.8,13,https://lista.mercadolivre.com.br/tenis-corrida-masculino,2024-08-24 17:26:52.174928,199.9,33.32
OLYMPIKUS,Tênis Olympikus Zex Masculino Branco Promoção Pix,4.5,2,https://lista.mercadolivre.com.br/tenis-corrida-masculino,2024-08-24 17:26:52.174928,199.34,19.0
SCHIARELI,Tênis Confortavel Esportivo Leve Macio Varias Cores,4.6,79,https://lista.mercadolivre.com.br/tenis-corrida-masculino,2024-08-24 17:26:52.174928,139.9,34.98
RAYCONN,Tenis 4 Molas Masculino Corrida Caminhada Running Original,4.4,82,https://lista.mercadolivre.com.br/tenis-corrida-masculino,2024-08-24 17:26:52.174928,186.95,164.51
MIZUNO,Kit 1 Tênis De Corrida Masculino Mizuno Goya E 3 Pares De Me,0.0,0,https://lista.mercadolivre.com.br/tenis-corrida-masculino,2024-08-24 17:26:52.174928,219.99,21.38
SKECHERS,Tênis Skechers Go Run Fast Valor Masculino - Marinho,4.9,7,https://lista.mercadolivre.com.br/tenis-corrida-masculino,2024-08-24 17:26:52.174928,269.9,33.74
KG,Tênis Casual Air Kg Camurça Masculino Feminino Unissex,4.4,14,https://lista.mercadolivre.com.br/tenis-corrida-masculino,2024-08-24 17:26:52.174928,79.68,7.0
HOKA,Hoka Clifton 9 Masculino Adultos,5.0,2,https://lista.mercadolivre.com.br/tenis-corrida-masculino,2024-08-24 17:26:52.174928,2.199,129.0
MIZUNO,Tênis Masculino E Feminino Wave Way 3 Mizuno *oferta*,4.8,461,https://lista.mercadolivre.com.br/tenis-corrida-masculino,2024-08-24 17:26:52.174928,399.99,258.99
OLIMPAK,Tênis Masculino Caminhada Clássico Olimp Moda Star Treino,0.0,0,https://lista.mercadolivre.com.br/tenis-corrida-masculino,2024-08-24 17:26:52.174928,56.67,18.0
ASCENSION,Tenis Masculino E Feminino De Caminhada Ortopedico Crossfit,4.7,2856,https://lista.mercadolivre.com.br/tenis-corrida-masculino,2024-08-24 17:26:52.174928,69.9,23.3
EVOLTENN,Tênis Boost Masculino Evoltenn Esporte Casual Colmeia Treino,4.7,7,https://lista.mercadolivre.com.br/tenis-corrida-masculino,2024-08-24 17:26:52.174928,69.9,6.79
OLYMPIKUS,Tênis Olympikus Beats Preto,0.0,0,https://lista.mercadolivre.com.br/tenis-corrida-masculino,2024-08-24 17:26:52.174928,259.99,25.21
ASICS,Asics Novablast 3 LE Masculino Adultos,4.8,18,https://lista.mercadolivre.com.br/tenis-corrida-masculino,2024-08-24 17:26:52.174928,999.9,99.99
NEW BALANCE,Tênis Masculino New Balance Fuelcell Rebel V4 Corrida,5.0,8,https://lista.mercadolivre.com.br/tenis-corrida-masculino,2024-08-24 17:26:52.174928,1.7389999999999999,106.0
ADRUN,Tênis Esportivo Masculino Adrun Walk 8306m,4.7,36,https://lista.mercadolivre.com.br/tenis-corrida-masculino,2024-08-24 17:26:52.174928,140.91,126.9
ADAPTION,Tênis Masculino Leve Confortável Casual Adaption Limited,4.3,42,https://lista.mercadolivre.com.br/tenis-corrida-masculino,2024-08-24 17:26:52.174928,49.9,16.63
REKOBA,Tênis Rekoba Ohio,4.6,28,https://lista.mercadolivre.com.br/tenis-corrida-masculino,2024-08-24 17:26:52.174928,179.9,35.98
OLYMPIKUS,Tenis Masculino Olympikus Delta 122 Esportivo,5.0,10,https://lista.mercadolivre.com.br/tenis-corrida-masculino,2024-08-24 17:26:52.174928,150.58,14.0
PLAZA,Tênis Masculino Plaza Neo Academia Caminhada Promoção Casual,4.4,14,https://lista.mercadolivre.com.br/tenis-corrida-masculino,2024-08-24 17:26:52.174928,62.9,6.11
FILA,Tênis Fila Racer Master Preto,5.0,5,https://lista.mercadolivre.com.br/tenis-corrida-masculino,2024-08-24 17:26:52.174928,269.9,33.74
ADAPTION,Kit 2 Pares Tenis + Relogio Brinde Academia Caminhada Leve,4.5,93,https://lista.mercadolivre.com.br/tenis-corrida-masculino,2024-08-24 17:26:52.174928,129.9,12.63
OLYMPIKUS,Olympikus Delta Masculino Adultos,4.7,621,https://lista.mercadolivre.com.br/tenis-corrida-masculino,2024-08-24 17:26:52.174928,159.99,15.55
BAD FISH,Tênis Track Sapatilha Bad Fish Air Mesh Adventure Pesca,4.9,46,https://lista.mercadolivre.com.br/tenis-corrida-masculino,2024-08-24 17:26:52.174928,219.99,31.43
FILA,Fila Activewear Transition Masculino Adultos F01R00083,4.6,49,https://lista.mercadolivre.com.br/tenis-corrida-masculino,2024-08-24 17:26:52.174928,329.9,224.92
OLYMPIKUS,Olympikus Casual Triunfo 2 Masculino Adultos,4.8,538,https://lista.mercadolivre.com.br/tenis-corrida-masculino,2024-08-24 17:26:52.174928,279.99,148.39
WEST,Tênis Kit 2 Pares Mizwest 20 Promoção Masculino Garantia !!1,4.1,421,https://lista.mercadolivre.com.br/tenis-corrida-masculino,2024-08-24 17:26:52.174928,160.7,15.62
AMANDA BRAZIL,Sapatilha Aquática Neoprene Pesca Flexível Nautica + Relogio,0.0,0,https://lista.mercadolivre.com.br/tenis-corrida-masculino,2024-08-24 17:26:52.174928,45.9,4.45
OLDSEN,Combo 2 Tenis Masculino Oldsen Jaguar Corrida Frete Gratis,0.0,0,https://lista.mercadolivre.com.br/tenis-corrida-masculino,2024-08-24 17:26:52.174928,154.9,15.06
OLDSEN,Kit 3 Pares Tênis Treino Fitness Conforto Academia 34-43,4.4,5,https://lista.mercadolivre.com.br/tenis-corrida-masculino,2024-08-24 17:26:52.174928,189.9,18.46
ADAPTION,Adaption Easy Masculino Adultos,4.4,1110,https://lista.mercadolivre.com.br/tenis-corrida-masculino,2024-08-24 17:26:52.174928,41.97,3.0
OLYMPIKUS,Oferta Olympikus Cyber 3 Preto/ Dourado C/nf Lucaisane Tênis,4.8,38,https://lista.mercadolivre.com.br/tenis-corrida-masculino,2024-08-24 17:26:52.174928,229.99,22.36
UNDER ARMOUR,Tênis Under Armour Tribase Cross Se,4.4,7,https://lista.mercadolivre.com.br/tenis-corrida-masculino,2024-08-24 17:26:52.174928,429.9,42.99
OLYMPIKUS,Mega Oferta Olympikus Neblina C/ Nf Lucaisane Tênis,4.6,68,https://lista.mercadolivre.com.br/tenis-corrida-masculino,2024-08-24 17:26:52.174928,279.99,27.15
AMANDA BRAZIL,Sapatilha Aquática Neoprene Hibrida Nautica Bike + Relogio,0.0,0,https://lista.mercadolivre.com.br/tenis-corrida-masculino,2024-08-24 17:26:52.174928,45.9,4.45
BOX200,Tênis Masculino Tamanho Especial Esporte Caminhada Box 200,4.5,276,https://lista.mercadolivre.com.br/tenis-corrida-masculino,2024-08-24 17:26:52.174928,78.5,7.63
OLDSEN,Kit 2 Tenis Masculino Unissex Botinha Casual Academia Urbano,5.0,1,https://lista.mercadolivre.com.br/tenis-corrida-masculino,2024-08-24 17:26:52.174928,179.9,17.49
OLYMPIKUS,Olympikus Caminhada Cygnus Masculino Adultos,4.8,977,https://lista.mercadolivre.com.br/tenis-corrida-masculino,2024-08-24 17:26:52.174928,189.9,31.65
OLYMP,Tênis Kit 2 Pares  Olymp Lançamento Zoo Meg Top Homem Sport#,4.3,454,https://lista.mercadolivre.com.br/tenis-corrida-masculino,2024-08-24 17:26:52.174928,143.75,35.0
FILA,Tenis Fila Masculino Promoção ,4.6,71,https://lista.mercadolivre.com.br/tenis-corrida-masculino,2024-08-24 17:26:52.174928,289.9,32.21
OLDSEN,Tenis Corrida Casual Insanity Leve Confortável Macio 34-43,4.2,163,https://lista.mercadolivre.com.br/tenis-corrida-masculino,2024-08-24 17:26:52.174928,78.9,74.95
OLDSEN,Tênis Lançamento Original Confortável Corrida Esportivo,4.8,11,https://lista.mercadolivre.com.br/tenis-corrida-masculino,2024-08-24 17:26:52.174928,63.9,6.21
LYND,Tênis Lynd Academia Corrida Treino Gravit Flux 2,4.9,14,https://lista.mercadolivre.com.br/tenis-corrida-masculino,2024-08-24 17:26:52.174928,229.9,22.35
ADAPTION,Kit 2 Tenis Masculino Caminhada Academia Promoção + Relogio,4.2,473,https://lista.mercadolivre.com.br/tenis-corrida-masculino,2024-08-24 17:26:52.174928,139.9,13.6
ULTRABONE,Tenis Masculino Esportivo Caminhada Fitness Ultrabone Black,0.0,0,https://lista.mercadolivre.com.br/tenis-corrida-masculino,2024-08-24 17:26:52.174928,99.9,94.9
SEVEN BRASIL,Sapatenis Espotivo Tenis De Academia Corrida Caminhada,0.0,0,https://lista.mercadolivre.com.br/tenis-corrida-masculino,2024-08-24 17:26:52.174928,75.9,25.3
GALAXY,Tênis Masculino Caminhada Academia Leve Promoção Kit 3 Pares,4.4,156,https://lista.mercadolivre.com.br/tenis-corrida-masculino,2024-08-24 17:26:52.174928,176.9,17.19
OLDSEN,Tenis Corrida Casual Insanity Leve Confortável Macio 34-43,4.5,322,https://lista.mercadolivre.com.br/tenis-corrida-masculino,2024-08-24 17:26:52.174928,69.9,66.4
ULTRABONE,Tênis Unissex Academia Leve Macio Basico Caminhada Fitness ,4.5,12,https://lista.mercadolivre.com.br/tenis-corrida-masculino,2024-08-24 17:26:52.174928,63.99,60.79
RABUTSS,Tênis Jogger Masculino Casual Esportivo Academia Dia A Dia,0.0,0,https://lista.mercadolivre.com.br/tenis-corrida-masculino,2024-08-24 17:26:52.174928,89.9,8.74
TAYGRA,Tênis Taygra Conforto Original + Brinde Unissex Várias Cores,4.8,106,https://lista.mercadolivre.com.br/tenis-corrida-masculino,2024-08-24 17:26:52.174928,179.9,17.49
FILA,Tênis Fila Racer Nairobi Masculino Marinho Treino,0.0,0,https://lista.mercadolivre.com.br/tenis-corrida-masculino,2024-08-24 17:26:52.174928,309.9,30.04
ACTVITTA,Tenis Masculino Actvitta Corrida Profissional 4931.100,0.0,0,https://lista.mercadolivre.com.br/tenis-corrida-masculino,2024-08-24 17:26:52.174928,179.4,17.0
OLDSEN,Kit 2 Tênis Masculino Casual Oldsen Jaguar Frete Gratis Novo,4.4,318,https://lista.mercadolivre.com.br/tenis-corrida-masculino,2024-08-24 17:26:52.174928,159.9,143.91
LAVINI SHOES,Slip On Masculino Tenis Corrida Academia Levinho Barato,0.0,0,https://lista.mercadolivre.com.br/tenis-corrida-masculino,2024-08-24 17:26:52.174928,79.9,26.63
ZEUZ,Tênis Masculino Esportivo Caminhada Academia Musculação Leve,4.2,16,https://lista.mercadolivre.com.br/tenis-corrida-masculino,2024-08-24 17:26:52.174928,82.45,8.01
ASCENSION,Tenis Masculino Leve Confortavel  Para Treino + Relógio ,4.7,6,https://lista.mercadolivre.com.br/tenis-corrida-masculino,2024-08-24 17:26:52.174928,109.9,36.63
POLO PLUS,Tênis Masculino Leve P/ Caminhada Academia Polo Plus+brinde,4.3,4,https://lista.mercadolivre.com.br/tenis-corrida-masculino,2024-08-24 17:26:52.174928,139.99,35.0
SCHIARELI,Tênis Caminhada Corrida Academia Promoção 595eva,4.6,7,https://lista.mercadolivre.com.br/tenis-corrida-masculino,2024-08-24 17:26:52.174928,136.91,34.23
DM DAMANDO,Kit 3 Pares Tênis Masculino Para Treino Confort Leve,0.0,0,https://lista.mercadolivre.com.br/tenis-corrida-masculino,2024-08-24 17:26:52.174928,198.9,33.15
EVOLTENN,Tênis Boost Masculino Evoltenn Esporte Casual Colmeia Treino,4.2,9,https://lista.mercadolivre.com.br/tenis-corrida-masculino,2024-08-24 17:26:52.174928,89.9,8.74
DK SHOES,Kit Tenis Skatista Masculino Casual  Basico E Um Par De Meia,4.7,3,https://lista.mercadolivre.com.br/tenis-corrida-masculino,2024-08-24 17:26:52.174928,79.9,75.9
DM DAMANDO,Tênis Masculino Academia Treino Crossfit Sola Transada Macia,0.0,0,https://lista.mercadolivre.com.br/tenis-corrida-masculino,2024-08-24 17:26:52.174928,72.9,69.25
AMANDA BRAZIL,Tenis Meia Sapatilha Hibrida Neoprene Esporte Aquatico Pesca,0.0,0,https://lista.mercadolivre.com.br/tenis-corrida-masculino,2024-08-24 17:26:52.174928,42.9,4.16
ASC,Tênis Masculino Esportivo Academia Leve Original Promoção,4.4,98,https://lista.mercadolivre.com.br/tenis-corrida-masculino,2024-08-24 17:26:52.174928,144.9,14.08
OLYMPIKUS,Olympikus Proof 2 Masculino Adultos,4.8,85,https://lista.mercadolivre.com.br/tenis-corrida-masculino,2024-08-24 17:26:52.174928,164.94,15.0
HEADER,Kit 2 Tênis Masculino Spider Original Na Caixa Top + Relógio,4.4,24,https://lista.mercadolivre.com.br/tenis-corrida-masculino,2024-08-24 17:26:52.174928,129.9,12.63
MIZUNO,Mizuno Cool Ride Masculino Adultos,4.8,935,https://lista.mercadolivre.com.br/tenis-corrida-masculino,2024-08-24 17:26:52.174928,279.88,252.43
HEADER,Kit 3 Tênis Masculino Header Easy Corrida Esporte + Relógio,0.0,0,https://lista.mercadolivre.com.br/tenis-corrida-masculino,2024-08-24 17:26:52.174928,189.9,31.65
ADRUN,Tênis Masc Calce Fácil Adrun Flex Power Moove Ortopédico Fit,4.7,28,https://lista.mercadolivre.com.br/tenis-corrida-masculino,2024-08-24 17:26:52.174928,149.99,37.5
HEADER,Kit 3 Tênis Masculino Header Spider Promoção Top + Relógio,0.0,0,https://lista.mercadolivre.com.br/tenis-corrida-masculino,2024-08-24 17:26:52.174928,189.9,18.46
WAYKE,Teis Masculino Academia Treino Confortável Lançamento Barato,0.0,0,https://lista.mercadolivre.com.br/tenis-corrida-masculino,2024-08-24 17:26:52.174928,69.9,57.0
ASICS,Asics Gel-Excite 8 Masculino Adultos,4.8,66,https://lista.mercadolivre.com.br/tenis-corrida-masculino,2024-08-24 17:26:52.174928,299.99,28.0
PLAZA,Kit 2 Pares De Tênis Super Leve Plaza Neo Esportivo +relógio,4.2,425,https://lista.mercadolivre.com.br/tenis-corrida-masculino,2024-08-24 17:26:52.174928,149.9,14.57
OLYMPIKUS,Olympikus Challenger 4 Masculino Adultos,4.7,11,https://lista.mercadolivre.com.br/tenis-corrida-masculino,2024-08-24 17:26:52.174928,261.3,25.0
DM DAMANDO,Combo 2 Tenis Masculino Academia Confortavel +relogio E Meia,4.9,7,https://lista.mercadolivre.com.br/tenis-corrida-masculino,2024-08-24 17:26:52.174928,159.9,15.54
HEADER,Kit 2 Tênis Masculino Spider Caminhada Promoção + Relógio,4.6,17,https://lista.mercadolivre.com.br/tenis-corrida-masculino,2024-08-24 17:26:52.174928,129.9,12.63
OLYMPIKUS,Tenis Masculino Olympikus Ultra Leve 195g Original Corrida,4.7,41,https://lista.mercadolivre.com.br/tenis-corrida-masculino,2024-08-24 17:26:52.174928,199.99,147.99
VIA LIVRE,Tênis Masculino Ultra Leve Advanced Pro Run Academia Vl060,3.7,3,https://lista.mercadolivre.com.br/tenis-corrida-masculino,2024-08-24 17:26:52.174928,134.9,13.11
ZEUS,Tênis Zeus Velcro Infantil Esportivo Caminhada Corrida 59kx,0.0,0,https://lista.mercadolivre.com.br/tenis-corrida-masculino,2024-08-24 17:26:52.174928,64.99,21.66
GALAXY,Tênis Masculino Caminhada Academia Promoção - Kit 2 Pares,4.6,29,https://lista.mercadolivre.com.br/tenis-corrida-masculino,2024-08-24 17:26:52.174928,129.9,12.63
HEADER,Kit 2 Tênis Masculino Header Easy Corrida + Relógio,0.0,0,https://lista.mercadolivre.com.br/tenis-corrida-masculino,2024-08-24 17:26:52.174928,129.9,12.63
HEADER,Kit 3 Tênis Masculino Header Easy Academia Barato + Relógio,4.6,47,https://lista.mercadolivre.com.br/tenis-corrida-masculino,2024-08-24 17:26:52.174928,189.9,18.46
MIZUNO,Mizuno Space 3 Masculino Adultos,4.7,1652,https://lista.mercadolivre.com.br/tenis-corrida-masculino,2024-08-24 17:26:52.174928,299.98,33.33
UNDER ARMOUR,Under Armour Buzzer Masculino Adultos,4.5,937,https://lista.mercadolivre.com.br/tenis-corrida-masculino,2024-08-24 17:26:52.174928,389.9,337.25
MIZUNO,Kit 1 Tênis De Corrida Masculino Mizuno Wave Zest E 3 Pares ,0.0,0,https://lista.mercadolivre.com.br/tenis-corrida-masculino,2024-08-24 17:26:52.174928,299.99,29.08
OLYMPIKUS,Olympikus Casual Urbano Ast Masculino Adultos,4.5,12,https://lista.mercadolivre.com.br/tenis-corrida-masculino,2024-08-24 17:26:52.174928,179.4,17.0
OLYMPIKUS,Olympikus Treino Volcan Masculino Adultos,4.7,1394,https://lista.mercadolivre.com.br/tenis-corrida-masculino,2024-08-24 17:26:52.174928,159.45,15.0
OLYMPIKUS,Olympikus Casual Index 3 Masculino Adultos 43611218_1-004,4.8,1765,https://lista.mercadolivre.com.br/tenis-corrida-masculino,2024-08-24 17:26:52.174928,159.99,15.55
URBAN SHOES,Tênis Molas Bolha Tn Plus 1 Novo Corrida 2 Hype Moda Motoboy,5.0,2,https://lista.mercadolivre.com.br/tenis-corrida-masculino,2024-08-24 17:26:52.174928,137.99,34.5
OLYMPIKUS,Tênis Masculino Dynamic Olympikus Oferta,4.6,16,https://lista.mercadolivre.com.br/tenis-corrida-masculino,2024-08-24 17:26:52.174928,279.99,239.39
ASICS,Asics Gel-Sparta 2 Masculino Adultos,5.0,4,https://lista.mercadolivre.com.br/tenis-corrida-masculino,2024-08-24 17:26:52.174928,299.99,28.0
MIZUNO,Tênis Creation 20 Unissex 33 A 44 Mega Promoção Queima Estoq,4.0,57,https://lista.mercadolivre.com.br/tenis-corrida-masculino,2024-08-24 17:26:52.174928,249.99,31.25
UNDER ARMOUR,Under Armour Tribase Cross SE Masculino Adultos,0.0,0,https://lista.mercadolivre.com.br/tenis-corrida-masculino,2024-08-24 17:26:52.174928,536.6,53.0
WAVES,Kit 2 Pares De Tênis Para Academia Esportivo Envio Rápido,0.0,0,https://lista.mercadolivre.com.br/tenis-corrida-masculino,2024-08-24 17:26:52.174928,149.94,37.48
STYLL BABY,Tênis Mizun Styll Wave Creation 20 Masculino Tamanho 38 A 45,4.4,25,https://lista.mercadolivre.com.br/tenis-corrida-masculino,2024-08-24 17:26:52.174928,99.9,33.3
OUTROS,Tenis Infantil De Led Divertido Batman Relogio + Oculos,5.0,6,https://lista.mercadolivre.com.br/tenis-corrida-masculino,2024-08-24 17:26:52.174928,49.9,16.63
MIZUNO,Tênis Esportivo Pro 7 Wave Prophecy Preto Academia Corrida,4.4,9,https://lista.mercadolivre.com.br/tenis-corrida-masculino,2024-08-24 17:26:52.174928,289.99,32.22
TITANIUM,Tênis Pro 8 Wave Unissex Refletivo Novo Urbano Esporte ,4.0,2,https://lista.mercadolivre.com.br/tenis-corrida-masculino,2024-08-24 17:26:52.174928,497.39,49.74
OLYMPIKUS,Olympikus Marte Masculino Adultos,4.8,328,https://lista.mercadolivre.com.br/tenis-corrida-masculino,2024-08-24 17:26:52.174928,157.26,15.0
WAVES,Kit 3 Pares De Tênis Para Academia Masculino Promoção Full,0.0,0,https://lista.mercadolivre.com.br/tenis-corrida-masculino,2024-08-24 17:26:52.174928,219.92,31.42
PUMA,Tênis Puma Scuderia Ferrari New Sapato Clássico/ Promoção,4.3,16,https://lista.mercadolivre.com.br/tenis-corrida-masculino,2024-08-24 17:26:52.174928,179.9,35.98
OLYMPIKUS,Tênis Olympikus Poseidon Unissex,4.7,26,https://lista.mercadolivre.com.br/tenis-corrida-masculino,2024-08-24 17:26:52.174928,149.99,37.5
MIZUNO,Tênis Masculinos Pro 9 Wave Academia Corrida Caminhada + F.g,4.2,20,https://lista.mercadolivre.com.br/tenis-corrida-masculino,2024-08-24 17:26:52.174928,289.99,32.22
OLYMPIKUS,Olympikus Cyber 3 Masculino Adultos,4.7,44,https://lista.mercadolivre.com.br/tenis-corrida-masculino,2024-08-24 17:26:52.174928,199.99,19.44
TITANIUM,Tênis Pro 8 Wave Unissex Refletivo Novo Urbano Esporte ,0.0,0,https://lista.mercadolivre.com.br/tenis-corrida-masculino,2024-08-24 17:26:52.174928,499.39,49.94
NEW FASHION,Tênis New Fashion Original (vermelho) C/listras Refletivas,0.0,0,https://lista.mercadolivre.com.br/tenis-corrida-masculino,2024-08-24 17:26:52.174928,189.99,18.47
SKECHERS,Tênis Skechers D'lux Walker Scrambler,0.0,0,https://lista.mercadolivre.com.br/tenis-corrida-masculino,2024-08-24 17:26:52.174928,575.8,57.58
OLYMPIKUS,Tênis Olympikus Diffuse 4 Unissex,4.7,51,https://lista.mercadolivre.com.br/tenis-corrida-masculino,2024-08-24 17:26:52.174928,169.99,34.0
OLYMPIKUS,Olympikus CORRIDA Veloz 2 Masculino Adultos,4.8,275,https://lista.mercadolivre.com.br/tenis-corrida-masculino,2024-08-24 17:26:52.174928,217.0,31.0
PUMA,Tênis Puma Masculino Automobilismo Ferrari New / Promoção,3.9,18,https://lista.mercadolivre.com.br/tenis-corrida-masculino,2024-08-24 17:26:52.174928,179.9,35.98
RUGGERO,Tênis Ortopédico Esporão Palmilha De Gel Confortável Oferta,5.0,2,https://lista.mercadolivre.com.br/tenis-corrida-masculino,2024-08-24 17:26:52.174928,109.9,36.63
